cost,avg_all,avg_win
1,0.4892983143865151,0.4370695053224796
2,1.2342610740885926,1.1405760801502818
3,1.2374754998039985,1.150751408891672
4,2.849078792630341,2.8727301189730747
5,2.8213249705997647,3.2283969943644335
7,0.2297922383379067,0.3199749530369443
